-- Missing Size Chart Values
-- Update Email List Using Resend

Insert Into Category (category_name)
VALUES
("Tops"),
("Bottoms"),
("Outerwear");

INSERT INTO Collections (collection_name, live)
VALUES
("Juthuur", 1);

INSERT INTO Permission_Types (name, description, parent_permission, readable, writeable)
VALUES
("products", "The ability to access product settings", null, 1, 1),
("orders", "The ability to access order related settings", null, 1, 1),
("users", "The ability to access user related settings", null, 1, 1),
("admins", "The ability to access admin related settings", null, 1, 1),
("size components", "The ability to add, update and delete components for the size chart", 1, 1, 1),
("product variations", "The ability to add, update and delete variations on a product type (ex add Size / Colour to Clothing)", 1, 1, 1),
("variation options", "The ability to add, update and delete options for a variation (ex add XXL to Size)", 6, 1, 1),
("update products", "The ability to add and update products", 1, 1, 1),
("components", "The ability to add, update and delete product components", 8, 1, 1),
("component properties", "The ability to add, update and delete properties for components", 9, 1, 1),
("collections", "The ability to see all collections and add, update and delete collections", 1, 1, 1),
("categories", "The ability to see all categories and add, update and delete categories", 1, 1, 1),
("discounts", "The ability to add, update and delete discounts", 1, 1, 1),
("product info", "The ability to update product info", 8, 1, 1),
("images", "The ability to add and delete product images and change main image", 8, 1, 1),
("product items", "The ability to update product items", 8, 1, 1),
("sizing info", "The ability to update sizing info for a product", 8, 1, 1),
("all orders", "The ability to see all orders and print labels", 2, 1, 1),
("create pickups", "The ability to create order pickups", 2, 1, 1),
("messages", "The ability to add, update and remove messages shown to users", 3, 1, 1),
("members", "The ability to add and remove members", 3, 1, 1),
("member types", "The ability to add, update and remove member types", 3, 1, 1),
("contact form emails", "The ability to read contact form emails", 3, 1, 0),
("email list", "The ability to add and remove users from the email list", 3, 1, 1),
("abandoned carts", "The ability to see abandoned carts", 3, 1, 0),
("admin types", "The ability to add, update and remove admin types", 4, 1, 1),
("update admins", "The ability to add and remove admins", 4, 1, 1),
("errors", "The ability to see the error log", 4, 1, 0);

INSERT INTO Admin_Type (admin_type)
VALUES
("Super Admin");

INSERT INTO Admin_Permissions (permission_id, type_id, allow_write)
VALUES
(1, 1, 1),
(2, 1, 1),
(3, 1, 1),
(4, 1, 1),
(5, 1, 1),
(6, 1, 1),
(7, 1, 1),
(8, 1, 1),
(9, 1, 1),
(10, 1, 1),
(11, 1, 1),
(12, 1, 1),
(13, 1, 1),
(14, 1, 1),
(15, 1, 1),
(16, 1, 1),
(17, 1, 1),
(18, 1, 1),
(19, 1, 1),
(20, 1, 1),
(21, 1, 1),
(22, 1, 1),
(23, 1, 0),
(24, 1, 1),
(25, 1, 0),
(26, 1, 1),
(27, 1, 1),
(28, 1, 0);


INSERT INTO Variations(name) VALUE ("Size");

INSERT INTO Variation_Options (variation_id, value) 
VALUES
(1, "S"),
(1, "M"),
(1, "L"),
(1, "XL");

INSERT INTO Products (type_id, name, default_price, category_id, collection_id, description, image_alt_desc)
VALUES
(
	4, 
    "Juthuur Sweats", 
    370, 
    2, 
    1, 
    "A pair sweatpants in black, with prints from medieval Islamic medical texts.", 
    "A pair sweatpants in black, with prints from medieval Islamic medical texts."
),
(
	5, 
    "Juthuur Hoodie", 
    420, 
    1, 
    1, 
    "A hoodie in green, with prints from medieval medical texts.", 
    "A hoodie in green, with prints from medieval medical texts."
),
(
	2, 
    "Juthuur Dunes Tee", 
    245, 
    1, 
    1, 
    "A tee in dark grey, with a print depicting a deserts dunes and clouds on top of two pockets.", 
    "A tee in dark grey, with a print depicting a deserts dunes and clouds on top of two pockets."
),
(
	3, 
    "Juthuur Sweatshirt", 
    355, 
    1, 
    1, 
    "A sweatshirt in black, with prints from medieval Islamic medical texts.", 
    "A sweatshirt in black, with prints from medieval Islamic medical texts."
),
(
	2, 
    "Juthuur Tee", 
    210, 
    1, 
    1, 
    "A tee in white, with prints from medieval Islamic medical texts.", 
    "A tee in white, with prints from medieval Islamic medical texts."
),
(
	6, 
    "Juthuur Shorts", 
    265, 
    2, 
    1, 
    "A pair of shorts in black, with prints from medieval Islamic medical texts.", 
    "A pair of shorts in black, with prints from medieval Islamic medical texts."
);

INSERT INTO Product_Variations (variation_id, product_id)
VALUES
(1, 1),
(1, 2),
(1, 3),
(1, 4),
(1, 5),
(1, 6);

INSERT INTO Product_Variation_Options (product_id, option_id)
VALUES
(1, 1),
(1, 2),
(1, 3),
(1, 4),
(2, 1),
(2, 2),
(2, 3),
(2, 4),
(3, 1),
(3, 2),
(3, 3),
(3, 4),
(4, 1),
(4, 2),
(4, 3),
(4, 4),
(5, 1),
(5, 2),
(5, 3),
(5, 4),
(6, 1),
(6, 2),
(6, 3),
(6, 4);

INSERT INTO Size_Chart_Components (name)
VALUES
("pit-to-pit"),
("cross shoulder"),
("sleeve length"),
("length"),
("hem"),
("inseam"),
("outseam"),
("waist"),
("hip length");

INSERT INTO Product_Size_Chart_Components (product_id, component_id)
VALUES
(1, 6),
(1, 7),
(1, 8),
(1, 9),
(2, 5),
(2, 1),
(2, 2),
(2, 3),
(2, 4),
(3, 1),
(3, 2),
(3, 3),
(3, 4),
(4, 5),
(4, 1),
(4, 2),
(4, 3),
(4, 4),
(5, 1),
(5, 2),
(5, 3),
(5, 4),
(6, 6),
(6, 7),
(6, 8),
(6, 9);

INSERT INTO Images (product_id, image_link, small_image, medium_image, large_image, alt_desc, main_image)
VALUES
(
	1,
    "https://media.taqdeeralitura.com/products/product1-52421ea0-324e-4fdc-997c-76d483e1fd1b.jpg",
    "https://media.taqdeeralitura.com/products/product1-52421ea0-324e-4fdc-997c-76d483e1fd1b--small.jpg",
    "https://media.taqdeeralitura.com/products/product1-52421ea0-324e-4fdc-997c-76d483e1fd1b--medium.jpg",
    "https://media.taqdeeralitura.com/products/product1-52421ea0-324e-4fdc-997c-76d483e1fd1b--large.jpg",
    "A pair sweatpants in black, with prints from medieval Islamic medical texts.",
    null
),
(
	1,
    "https://media.taqdeeralitura.com/products/product1-ffc8f691-edb0-4767-87b1-6ff06833b58d.png",
    "https://media.taqdeeralitura.com/products/product1-ffc8f691-edb0-4767-87b1-6ff06833b58d--small.png",
    "https://media.taqdeeralitura.com/products/product1-ffc8f691-edb0-4767-87b1-6ff06833b58d--medium.png",
    "https://media.taqdeeralitura.com/products/product1-ffc8f691-edb0-4767-87b1-6ff06833b58d--large.png",
    "A pair sweatpants in black, with prints from medieval Islamic medical texts.",
    null
),
(
	1,
    "https://media.taqdeeralitura.com/products/product1-cc6b5ce8-26c7-4f27-86dd-b2684d91986c.png",
    "https://media.taqdeeralitura.com/products/product1-cc6b5ce8-26c7-4f27-86dd-b2684d91986c--small.png",
    "https://media.taqdeeralitura.com/products/product1-cc6b5ce8-26c7-4f27-86dd-b2684d91986c--medium.png",
    "https://media.taqdeeralitura.com/products/product1-cc6b5ce8-26c7-4f27-86dd-b2684d91986c--large.png",
    "A pair sweatpants in black, with prints from medieval Islamic medical texts.",
    1
),
(
	2,
    "https://media.taqdeeralitura.com/products/product2-04537386-4a38-4641-a4a5-64c6f273b9cd.jpg",
    "https://media.taqdeeralitura.com/products/product2-04537386-4a38-4641-a4a5-64c6f273b9cd--small.jpg",
    "https://media.taqdeeralitura.com/products/product2-04537386-4a38-4641-a4a5-64c6f273b9cd--medium.jpg",
    "https://media.taqdeeralitura.com/products/product2-04537386-4a38-4641-a4a5-64c6f273b9cd--large.jpg",
    "A hoodie in green, with prints from medieval medical texts.",
    null
),
(
    2,
    "https://media.taqdeeralitura.com/products/product2-35861f72-9e44-48d9-be70-a3fde595a74e.png",
    "https://media.taqdeeralitura.com/products/product2-35861f72-9e44-48d9-be70-a3fde595a74e--small.png",
    "https://media.taqdeeralitura.com/products/product2-35861f72-9e44-48d9-be70-a3fde595a74e--medium.png",
    "https://media.taqdeeralitura.com/products/product2-35861f72-9e44-48d9-be70-a3fde595a74e--large.png",
    "A hoodie in green, with prints from medieval medical texts.",
    null
),
(
    2,
    "https://media.taqdeeralitura.com/products/product2-ecbd8384-551d-4210-b702-0651bf372266.png",
    "https://media.taqdeeralitura.com/products/product2-ecbd8384-551d-4210-b702-0651bf372266--small.png",
    "https://media.taqdeeralitura.com/products/product2-ecbd8384-551d-4210-b702-0651bf372266--medium.png",
    "https://media.taqdeeralitura.com/products/product2-ecbd8384-551d-4210-b702-0651bf372266--large.png",
    "A hoodie in green, with prints from medieval medical texts.",
    1
),
(
    2,
    "https://media.taqdeeralitura.com/products/product2-628acaef-c26d-4805-b4b7-f2c88541285b.png",
    "https://media.taqdeeralitura.com/products/product2-628acaef-c26d-4805-b4b7-f2c88541285b--small.png",
    "https://media.taqdeeralitura.com/products/product2-628acaef-c26d-4805-b4b7-f2c88541285b--medium.png",
    "https://media.taqdeeralitura.com/products/product2-628acaef-c26d-4805-b4b7-f2c88541285b--large.png",
    "A hoodie in green, with prints from medieval medical texts.",
    null
),
(
    3,
    "https://media.taqdeeralitura.com/products/product3-ce007976-de5b-4c40-82f7-3043c9a263c8.png",
    "https://media.taqdeeralitura.com/products/product3-ce007976-de5b-4c40-82f7-3043c9a263c8--small.png",
    "https://media.taqdeeralitura.com/products/product3-ce007976-de5b-4c40-82f7-3043c9a263c8--medium.png",
    "https://media.taqdeeralitura.com/products/product3-ce007976-de5b-4c40-82f7-3043c9a263c8--large.png",
    "A tee in dark grey, with a print depicting a deserts dunes and clouds on top of two pockets.",
    1
),
(
    3,
    "https://media.taqdeeralitura.com/products/product3-6c5f77e0-2c81-4a05-93ea-913f4628afa2.png",
    "https://media.taqdeeralitura.com/products/product3-6c5f77e0-2c81-4a05-93ea-913f4628afa2--small.png",
    "https://media.taqdeeralitura.com/products/product3-6c5f77e0-2c81-4a05-93ea-913f4628afa2--medium.png",
    "https://media.taqdeeralitura.com/products/product3-6c5f77e0-2c81-4a05-93ea-913f4628afa2--large.png",
    "A tee in dark grey, with a print depicting a deserts dunes and clouds on top of two pockets.",
    null
),
(
    3,
    "https://media.taqdeeralitura.com/products/product3-0fd3e996-4178-49f4-897f-9a79304125f2.png",
    "https://media.taqdeeralitura.com/products/product3-0fd3e996-4178-49f4-897f-9a79304125f2--small.png",
    "https://media.taqdeeralitura.com/products/product3-0fd3e996-4178-49f4-897f-9a79304125f2--medium.png",
    "https://media.taqdeeralitura.com/products/product3-0fd3e996-4178-49f4-897f-9a79304125f2--large.png",
    "A tee in dark grey, with a print depicting a deserts dunes and clouds on top of two pockets.",
    null
),
(
    4,
    "https://media.taqdeeralitura.com/products/product4-4751d68b-2742-4182-b55b-3727ed68abf9.jpg",
    "https://media.taqdeeralitura.com/products/product4-4751d68b-2742-4182-b55b-3727ed68abf9--small.jpg",
    "https://media.taqdeeralitura.com/products/product4-4751d68b-2742-4182-b55b-3727ed68abf9--medium.jpg",
    "https://media.taqdeeralitura.com/products/product4-4751d68b-2742-4182-b55b-3727ed68abf9--large.jpg",
    "A sweatshirt in black, with prints from medieval Islamic medical texts.",
    null
),
(
    4,
    "https://media.taqdeeralitura.com/products/product4-9bdfbd3e-0f0e-4b3b-9f3e-24c1e891326c.png",
    "https://media.taqdeeralitura.com/products/product4-9bdfbd3e-0f0e-4b3b-9f3e-24c1e891326c--small.png",
    "https://media.taqdeeralitura.com/products/product4-9bdfbd3e-0f0e-4b3b-9f3e-24c1e891326c--medium.png",
    "https://media.taqdeeralitura.com/products/product4-9bdfbd3e-0f0e-4b3b-9f3e-24c1e891326c--large.png",
    "A sweatshirt in black, with prints from medieval Islamic medical texts.",
    null
),
(
    4,
    "https://media.taqdeeralitura.com/products/product4-ea0fd9e7-a2b3-47a4-959a-1b216976f924.png",
    "https://media.taqdeeralitura.com/products/product4-ea0fd9e7-a2b3-47a4-959a-1b216976f924--small.png",
    "https://media.taqdeeralitura.com/products/product4-ea0fd9e7-a2b3-47a4-959a-1b216976f924--medium.png",
    "https://media.taqdeeralitura.com/products/product4-ea0fd9e7-a2b3-47a4-959a-1b216976f924--large.png",
    "A sweatshirt in black, with prints from medieval Islamic medical texts.",
    1
),
(
    5,
    "https://media.taqdeeralitura.com/products/product5-79e5deba-64e2-4485-ae79-17c4fcf27d09.png",
    "https://media.taqdeeralitura.com/products/product5-79e5deba-64e2-4485-ae79-17c4fcf27d09--small.png",
    "https://media.taqdeeralitura.com/products/product5-79e5deba-64e2-4485-ae79-17c4fcf27d09--medium.png",
    "https://media.taqdeeralitura.com/products/product5-79e5deba-64e2-4485-ae79-17c4fcf27d09--large.png",
    "A tee in white, with prints from medieval Islamic medical texts.",
    1
),
(
    5,
    "https://media.taqdeeralitura.com/products/product5-fff97375-c4a3-4267-a002-e77b9681571d.png",
    "https://media.taqdeeralitura.com/products/product5-fff97375-c4a3-4267-a002-e77b9681571d--small.png",
    "https://media.taqdeeralitura.com/products/product5-fff97375-c4a3-4267-a002-e77b9681571d--medium.png",
    "https://media.taqdeeralitura.com/products/product5-fff97375-c4a3-4267-a002-e77b9681571d--large.png",
    "A tee in white, with prints from medieval Islamic medical texts.",
    null
),
(
    6,
    "https://media.taqdeeralitura.com/products/product6-d7768452-67ec-4bd5-b65e-0c458b1f76c6.jpg",
    "https://media.taqdeeralitura.com/products/product6-d7768452-67ec-4bd5-b65e-0c458b1f76c6--small.jpg",
    "https://media.taqdeeralitura.com/products/product6-d7768452-67ec-4bd5-b65e-0c458b1f76c6--medium.jpg",
    "https://media.taqdeeralitura.com/products/product6-d7768452-67ec-4bd5-b65e-0c458b1f76c6--large.jpg",
    "A pair of shorts in black, with prints from medieval Islamic medical texts.",
    null
),
(
    6,
    "https://media.taqdeeralitura.com/products/product6-f6b5e014-e7f9-4a5c-9520-bfb711212bd3.png",
    "https://media.taqdeeralitura.com/products/product6-f6b5e014-e7f9-4a5c-9520-bfb711212bd3--small.png",
    "https://media.taqdeeralitura.com/products/product6-f6b5e014-e7f9-4a5c-9520-bfb711212bd3--medium.png",
    "https://media.taqdeeralitura.com/products/product6-f6b5e014-e7f9-4a5c-9520-bfb711212bd3--large.png",
    "A pair of shorts in black, with prints from medieval Islamic medical texts.",
    1
);

INSERT INTO Components (product_id, component_name)
VALUES
(1, "sweats"),
(2, "hoodie"),
(3, "dunes"),
(4, "sweatshirt"),
(5, "tee"),
(6, "shorts");


INSERT INTO Component_Properties (component_id, property_name)
VALUES 
(1, "450 GSM"),
(1, "100% Organic Cotton"),
(1, "Made In Istanbul"),
(2, "450 GSM"),
(2, "100% Organic Cotton"),
(2, "Made In Istanbul"),
(3, "200 GSM"),
(3, "100% Organic Cotton"),
(3, "Made In Istanbul"),
(4, "450 GSM"),
(4, "100% Organic Cotton"),
(4, "Made In Istanbul"),
(5, "200 GSM"),
(5, "100% Organic Cotton"),
(5, "Made In Istanbul"),
(6, "200 GSM"),
(6, "100% Recycled Polyester"),
(6, "Made In Istanbul");

INSERT INTO Product_Item (product_id, sku, quantity, price, weight)
VALUES
(1, "FRS01/01S", 16, 370, 500),
(1, "FRS01/01M", 14, 370, 500),
(1, "FRS01/01L", 15, 370, 500),
(1, "FRS01/01XL", 13, 370, 500),
(2, "FRS01/02S", 11, 420, 500),
(2, "FRS01/02M", 14, 420, 500),
(2, "FRS01/02L", 13, 420, 500),
(2, "FRS01/02XL", 6, 420, 500),
(3, "FRS01/03S", 12, 245, 500),
(3, "FRS01/03M", 13, 245, 500),
(3, "FRS01/03L", 12, 245, 500),
(3, "FRS01/03XL", 11, 245, 500),
(4, "FRS01/04S", 15, 355, 500),
(4, "FRS01/04M", 17, 355, 500),
(4, "FRS01/04L", 16, 355, 500),
(4, "FRS01/04XL", 14, 355, 500),
(5, "FRS01/05S", 28, 210, 500),
(5, "FRS01/05M", 30, 210, 500),
(5, "FRS01/05L", 31, 210, 500),
(5, "FRS01/05XL", 21, 210, 500),
(6, "FRS01/06S", 11, 265, 500),
(6, "FRS01/06M", 21, 265, 500),
(6, "FRS01/06L", 22, 265, 500),
(6, "FRS01/06XL", 13, 265, 500);

INSERT INTO Product_Configuration (product_item, variation_option)
VALUES
(1, 1),
(2, 2),
(3, 3),
(4, 4),
(5, 1),
(6, 2),
(7, 3),
(8, 4),
(9, 1),
(10, 2),
(11, 3),
(12, 4),
(13, 1),
(14, 2),
(15, 3),
(16, 4),
(17, 1),
(18, 2),
(19, 3),
(20, 4),
(21, 1),
(22, 2),
(23, 3),
(24, 4);

INSERT INTO Messages (heading, paragraph) VALUES
("Welcome", "We're greatful for your support.
Enjoy browsing and shopping through our collection.");

INSERT INTO Available_Currencies (currency_code)
VALUES
("AED"),
("BHD"),
("EGP"),
("EUR"),
("GBP"),
("KWD"),
("OMR"),
("QAR"),
("SAR"),
("USD");

INSERT INTO Early_Access (email)
VALUES
("khalsags.fateh@gmail.com"),
("fandeejani2002@gmail.com");

INSERT INTO User (email, password, name, tap_customer_id)
VALUES
(
	"khalsags.fateh@gmail.com", 
    "$2a$10$dmZz8.OLrk38z/vQE.ZwfOnShU8gOEPQNAxOelANS1w7.MuHQHp8i", 
    "Gurparkash Singh",
    "cus_LV02G2520250314j8M50808521"
),
(
	"Fandeejani2002@gmail.com", 
    "$2a$10$Rx6n4T97QS8CA97krlNHa.PFC8SNGZ8AsKBptoQq3dqwvHz/T4xGS", 
    "Faris Andeejani",
    "cus_LV04G3120250315r4YD0808291"
);

INSERT INTO Admins (type_id, user_id)
VALUES
(1, 1),
(1, 2);

INSERT INTO Order_Status (name) 
VALUES
("created"),
("address added"),
("items added"),
("invoice created"),
("pending payment"),
("cancelled"),
("processing"),
("shipped"),
("delivered");

INSERT INTO Shipping_Countries (country_code, country, province_dependant)
VALUES
("AF", "Afghanistan", 0),
("AL", "Albania", 0),
("DZ", "Algeria", 0),
("AS", "American Samoa", 0),
("AD", "Andorra", 0),
("AO", "Angola", 0),
("AI", "Anguilla", 0),
("AG", "Antigua & Barbuda", 0),
("AR", "Argentina", 0),
("AM", "Armenia", 0),
("AW", "Aruba", 0),
("AU", "Australia", 0),
("AT", "Austria", 0),
("AZ", "Azerbaijan", 0),
("BS", "Bahamas", 0),
("BH", "Bahrain", 0),
("BD", "Bangladesh", 0),
("BB", "Barbados", 0),
("BY", "Belarus", 0),
("BE", "Belgium", 0),
("BZ", "Belize", 0),
("BJ", "Benin", 0),
("BM", "Bermuda", 0),
("BO", "Bolivia", 0),
("BA", "Bosnia & Herzegovina", 0),
("BW", "Botswana", 0),
("BR", "Brazil", 0),
("VG", "British Virgin Islands", 0),
("BN", "Brunei", 0),
("BG", "Bulgaria", 0),
("BF", "Burkina Faso", 0),
("BI", "Burundi", 0),
("KH", "Cambodia", 0),
("CM", "Cameroon", 0),
("CA", "Canada", 0),
("CV", "Cape Verde", 0),
("BQ", "Caribbean Netherlands", 0),
("KY", "Cayman Islands", 0),
("CF", "Central African Republic", 0),
("TD", "Chad", 0),
("CL", "Chile", 0),
("CN", "China", 0),
("CX", "Christmas Island", 0),
("CC", "Cocos (Keeling) Islands", 0),
("CO", "Colombia", 0),
("KM", "Comoros", 0),
("CG", "Congo - Brazzaville", 0),
("CD", "Congo - Kinshasa", 0),
("CK", "Cook Islands", 0),
("CR", "Costa Rica", 0),
("HR", "Croatia", 0),
("CW", "Curaçao", 0),
("CY", "Cyprus", 0),
("CZ", "Czechia", 0),
("CI", "Côte d'Ivoire", 0),
("DK", "Denmark", 0),
("DJ", "Djibouti", 0),
("DM", "Dominica", 0),
("DO", "Dominican Republic", 0),
("EC", "Ecuador", 0),
("EG", "Egypt", 0),
("SV", "El Salvador", 0),
("GQ", "Equatorial Guinea", 0),
("ER", "Eritrea", 0),
("EE", "Estonia", 0),
("SZ", "Eswatini", 0),
("ET", "Ethiopia", 0),
("FO", "Faroe Islands", 0),
("FJ", "Fiji", 0),
("FI", "Finland", 0),
("FR", "France", 0),
("GF", "French Guiana", 0),
("PF", "French Polynesia", 0),
("GA", "Gabon", 0),
("GM", "Gambia", 0),
("GE", "Georgia", 0),
("DE", "Germany", 0),
("GH", "Ghana", 0),
("GI", "Gibraltar", 0),
("GR", "Greece", 0),
("GL", "Greenland", 0),
("GD", "Grenada", 0),
("GP", "Guadeloupe", 0),
("GU", "Guam", 0),
("GT", "Guatemala", 0),
("GG", "Guernsey", 0),
("GN", "Guinea", 0),
("GW", "Guinea-Bissau", 0),
("GY", "Guyana", 0),
("HT", "Haiti", 0),
("HN", "Honduras", 0),
("HK", "Hong Kong", 0),
("HU", "Hungary", 0),
("IS", "Iceland", 0),
("IN", "India", 0),
("ID", "Indonesia", 0),
("IR", "Iran", 0),
("IQ", "Iraq", 0),
("IE", "Ireland", 0),
("IM", "Isle of Man", 0),
("IT", "Italy", 0),
("JM", "Jamaica", 0),
("JP", "Japan", 0),
("JE", "Jersey", 0),
("JO", "Jordan", 0),
("KZ", "Kazakhstan", 0),
("KE", "Kenya", 0),
("KI", "Kiribati", 0),
("XK", "Kosovo", 0),
("KW", "Kuwait", 0),
("KG", "Kyrgyzstan", 0),
("LA", "Laos", 0),
("LV", "Latvia", 0),
("LS", "Lesotho", 0),
("LR", "Liberia", 0),
("LY", "Libya", 0),
("LI", "Liechtenstein", 0),
("LT", "Lithuania", 0),
("LU", "Luxembourg", 0),
("MO", "Macao", 0),
("MG", "Madagascar", 0),
("MW", "Malawi", 0),
("MY", "Malaysia", 0),
("MV", "Maldives", 0),
("ML", "Mali", 0),
("MT", "Malta", 0),
("MQ", "Martinique", 0),
("MR", "Mauritania", 0),
("MU", "Mauritius", 0),
("YT", "Mayotte", 0),
("MX", "Mexico", 0),
("MD", "Moldova", 0),
("MC", "Monaco", 0),
("ME", "Montenegro", 0),
("MS", "Montserrat", 0),
("MA", "Morocco", 0),
("MZ", "Mozambique", 0),
("MM", "Myanmar (Burma)", 0),
("NA", "Namibia", 0),
("NR", "Nauru", 0),
("NP", "Nepal", 0),
("NL", "Netherlands", 0),
("NC", "New Caledonia", 0),
("NZ", "New Zealand", 0),
("NI", "Nicaragua", 0),
("NE", "Niger", 0),
("NG", "Nigeria", 0),
("MK", "North Macedonia", 0),
("MP", "Northern Mariana Islands", 0),
("NO", "Norway", 0),
("OM", "Oman", 0),
("PK", "Pakistan", 0),
("PW", "Palau", 0),
("PS", "Palestine", 0),
("PA", "Panama", 0),
("PG", "Papua New Guinea", 0),
("PY", "Paraguay", 0),
("PE", "Peru", 0),
("PH", "Philippines", 0),
("PL", "Poland", 0),
("PT", "Portugal", 1),
("PR", "Puerto Rico", 0),
("QA", "Qatar", 0),
("RO", "Romania", 0),
("RU", "Russia", 0),
("RW", "Rwanda", 0),
("RE", "Réunion", 0),
("WS", "Samoa", 0),
("SM", "San Marino", 0),
("SA", "Saudi Arabia", 0),
("SN", "Senegal", 0),
("RS", "Serbia", 0),
("SC", "Seychelles", 0),
("SL", "Sierra Leone", 0),
("SG", "Singapore", 0),
("SX", "Sint Maarten", 0),
("SK", "Slovakia", 0),
("SI", "Slovenia", 0),
("SB", "Solomon Islands", 0),
("SO", "Somalia", 0),
("ZA", "South Africa", 0),
("KR", "South Korea", 0),
("ES", "Spain", 1),
("LK", "Sri Lanka", 0),
("KN", "St. Kitts & Nevis", 0),
("LC", "St. Lucia", 0),
("MF", "St. Martin", 0),
("VC", "St. Vincent & Grenadines", 0),
("SD", "Sudan", 0),
("SR", "Suriname", 0),
("SE", "Sweden", 0),
("CH", "Switzerland", 0),
("SY", "Syria", 0),
("TW", "Taiwan", 0),
("TJ", "Tajikistan", 0),
("TZ", "Tanzania", 0),
("TH", "Thailand", 0),
("TG", "Togo", 0),
("TO", "Tonga", 0),
("TT", "Trinidad & Tobago", 0),
("TN", "Tunisia", 0),
("TM", "Turkmenistan", 0),
("TC", "Turks & Caicos Islands", 0),
("TV", "Tuvalu", 0),
("TR", "Türkiye", 0),
("VI", "U.S. Virgin Islands", 0),
("UG", "Uganda", 0),
("UA", "Ukraine", 0),
("AE", "United Arab Emirates", 0),
("GB", "United Kingdom", 1),
("US", "United States", 0),
("UY", "Uruguay", 0),
("UZ", "Uzbekistan", 0),
("VU", "Vanuatu", 0),
("VA", "Vatican City", 0),
("VE", "Venezuela", 0),
("VN", "Vietnam", 0),
("WF", "Wallis & Futuna", 0),
("YE", "Yemen", 0),
("ZM", "Zambia", 0),
("ZW", "Zimbabwe", 0);

INSERT INTO Shipping_Prices 
(
    country_code,
    first_half_kg,
    additional_half_kg,
    additional_half_kg_over_10,
    additional_half_kg_over_15
)
VALUES
("AF", 188, 39.9, 39.9, 39.9),
("AL", 581.4, 43.6, 43.6, 43.6),
("DZ", 190.6, 75.3, 75.3, 75.3),
("AS", 202.2, 37.7, 37.7, 37.7),
("AD", 213.8, 93.2, 93.2, 93.2),
("AO", 132.1, 43.6, 43.6, 43.6),
("AI", 177.9, 43.6, 43.6, 43.6),
("AG", 177.9, 43.6, 43.6, 43.6),
("AR", 158.74, 44.6, 44.6, 44.6),
("AM", 291.5, 60, 60, 60),
("AW", 177.9, 43.6, 43.6, 43.6),
("AU", 91.0, 16.1, 16.1, 16.1),
("AT", 146.1, 21.9, 21.9, 21.9),
("AZ", 291.5, 60, 60, 60),
("BS", 177.9, 43.6, 43.6, 43.6),
("BH", 40, 8, 8, 8),
("BD", 68, 21.1, 21.1, 21.1),
("BB", 177.9, 43.6, 43.6, 43.6),
("BY", 291.5, 60, 60, 60),
("BE", 98.5, 18.2, 18.2, 18.2),
("BZ", 158.7, 44.6, 44.6, 44.6),
("BJ", 128.7, 40.5, 40.5, 40.5),
("BM", 177.9, 43.6, 43.6, 43.6),
("BO", 158.7, 44.6, 44.6, 44.6),
("BA", 581.4, 43.6, 43.6, 43.6),
("BW", 132.1, 43.2, 43.2, 43.2),
("BR", 158.7, 44.6, 44.6, 44.6),
("VG", 213.1, 44.7, 44.7, 44.7),
("BN", 173, 36.1, 36.1, 36.1),
("BG", 203.7, 35.3, 35.3, 35.3),
("BF", 132.1, 43.6, 43.6, 43.6),
("BI", 132.1, 43.2, 43.2, 43.2),
("KH", 80.7, 26.9, 26.9, 26.9),
("CM", 132.1, 43.6, 43.6, 43.6),
("CA", 129.4, 40.7, 40.7, 40.7),
("CV", 132.1, 43.2, 43.2, 43.2),
("BQ", 216.9, 45.8, 45.8, 45.8),
("KY", 177.9, 43.6, 43.6, 43.6),
("CF", 132.1, 43.6, 43.6, 43.6),
("TD", 132.1, 43.2, 43.2, 43.2),
("CL", 158.7, 44.6, 44.6, 44.6),
("CN", 91, 16.1, 16.1, 16.1),
("CX", 202.2, 37.7, 37.7, 37.7),
("CC", 202.2, 37.7, 37.7, 37.7),
("CO", 158.7, 44.6, 44.6, 44.6),
("KM", 128.7, 40.5, 40.5, 40.5),
("CG", 132.1, 43.6, 43.6, 43.6),
("CD", 132.1, 43.6, 43.6, 43.6),
("CK", 202.2, 37.7, 37.7, 37.7),
("CR", 158.7, 44.6, 44.6, 44.6),
("HR", 353, 35.3, 35.3, 35.3),
("CW", 216.9, 45.8, 45.8, 45.8),
("CY", 51.8, 8.7, 8.7, 8.7),
("CZ", 175.9, 37.7, 37.7, 37.7),
("CI", 132.1, 43.6, 43.6, 43.6),
("DK", 104.6, 24.3, 24.3, 24.3),
("DJ", 132.1, 43.2, 43.2, 43.2),
("DM", 177.9, 43.6, 43.6, 43.6),
("DO", 177.9, 43.6, 43.6, 43.6),
("EC", 158.7, 44.6, 44.6, 44.6),
("EG", 40, 11, 11, 11),
("SV", 158.7, 44.6, 44.6, 44.6),
("GQ", 132.1, 43.6, 43.6, 43.6),
("ER", 132.1, 43.2, 43.2, 43.2),
("EE", 353, 35.3, 35.3, 35.3),
("SZ", 132.1, 43.6, 43.6, 43.6),
("ET", 128.7, 40.5, 40.5, 40.5),
("FO", 213.8, 93.2, 93.2, 93.2),
("FJ", 202.2, 37.7, 37.7, 37.7),
("FI", 166.1, 43.6, 43.6, 43.6),
("FR", 118.5, 19.5, 19.5, 19.5),
("GF", 216.9, 45.8, 45.8, 45.8),
("PF", 202.2, 37.7, 37.7, 37.7),
("GA", 132.1, 43.6, 43.6, 43.6),
("GM", 132.1, 43.6, 43.6, 43.6),
("GE", 291.5, 60, 60, 60),
("DE", 127.7, 18.2, 18.2, 18.2),
("GH", 128.7, 40.5, 40.5, 40.5),
("GI", 149.2, 37.6, 37.6, 37.6),
("GR", 101.6, 25.5, 25.5, 25.5),
("GL", 213.8, 93.2, 93.2, 93.2),
("GD", 177.9, 43.6, 43.6, 43.6),
("GP", 177.9, 43.6, 43.6, 43.6),
("GU", 202.2, 37.7, 37.7, 37.7),
("GT", 158.7, 44.6, 44.6, 44.6),
("GG", 121.5, 32.7, 32.7, 32.7),
("GN", 132.1, 43.6, 43.6, 43.6),
("GW", 132.1, 43.2, 43.2, 43.2),
("GY", 216.9, 41, 41, 41),
("HT", 177.9, 43.6, 43.6, 43.6),
("HN", 158.7, 44.6, 44.6, 44.6),
("HK", 82.2, 16.1, 16.1, 16.1),
("HU", 175.9, 37.7, 37.7, 37.7),
("IS", 229.1, 43.6, 43.6, 43.6),
("IN", 27, 16.4, 16.4, 16.4),
("ID", 92.4, 17.3, 17.3, 17.3),
("IR", 64.1, 7.8, 7.8, 7.8),
("IQ", 136.7, 10.6, 10.6, 10.6),
("IE", 135.3, 24.3, 24.3, 24.3),
("IM", 213.8, 93.2, 93.2, 93.2),
("IT", 115.4, 24.3, 24.3, 24.3),
("JM", 177.9, 43.6, 43.6, 43.6),
("JP", 151, 32.5, 32.5, 32.5),
("JE", 121.5, 32.7, 32.7, 32.7),
("JO", 40, 11, 11, 11),
("KZ", 291.5, 60, 60, 60),
("KE", 128.7, 40.5, 40.5, 40.5),
("KI", 202.2, 37.7, 37.7, 37.7),
("XK", 581.4, 43.6, 43.6, 43.6),
("KW", 40, 10, 10, 10),
("KG", 291.5, 60, 60, 60),
("LA", 173, 36.5, 36.5, 36.5),
("LV", 353, 35.3, 35.3, 35.3),
("LS", 132.1, 43.2, 43.2, 43.2),
("LR", 132.1, 43.2, 43.2, 43.2),
("LY", 127.3, 34.6, 34.6, 34.6),
("LI", 118.5, 21.9, 21.9, 21.9),
("LT", 353, 35.3, 35.3, 35.3),
("LU", 98.5, 18.2, 18.2, 18.2),
("MO", 112.9, 29, 29, 29),
("MG", 128.7, 40.5, 40.5, 40.5),
("MW", 132.1, 43.6, 43.6, 43.6),
("MY", 92.4, 17.3, 17.3, 17.3),
("MV", 264.1, 56.3, 56.3, 56.3),
("ML", 132.1, 43.2, 43.2, 43.2),
("MT", 115.4, 31.1, 31.1, 31.1),
("MQ", 177.9, 43.6, 43.6, 43.6),
("MR", 132.1, 43.2, 43.2, 43.2),
("MU", 128.7, 40.5, 40.5, 40.5),
("YT", 128.7, 40.5, 40.5, 40.5),
("MX", 159, 108.3, 108.3, 108.3),
("MD", 291.5, 60, 60, 60),
("MC", 118.5, 19.5, 19.5, 19.5),
("ME", 581.4, 43.6, 43.6, 43.6),
("MS", 177.9, 43.6, 43.6, 43.6),
("MA", 108.3, 20.6, 20.6, 20.6),
("MZ", 132.1, 43.6, 43.6, 43.6),
("MM", 173, 36.5, 36.5, 36.5),
("NA", 128.7, 41, 41, 41),
("NR", 202.2, 37.7, 37.7, 37.7),
("NP", 139.7, 63.4, 63.4, 63.4),
("NL", 115.4, 17, 17, 17),
("NC", 202.2, 37.7, 37.7, 37.7),
("NZ", 91, 16.1, 16.1, 16.1),
("NI", 158.7, 44.6, 44.6, 44.6),
("NE", 128.7, 41, 41, 41),
("NG", 128.7, 40.5, 40.5, 40.5),
("MK", 353, 35.3, 35.3, 35.3),
("MP", 202.2, 37.7, 37.7, 37.7),
("NO", 158.4, 41.2, 41.2, 41.2),
("OM", 37, 12, 12, 12),
("PK", 73.8, 17.6, 17.6, 17.6),
("PW", 202.2, 37.7, 37.7, 37.7),
("PS", 165.4, 14.8, 14.8, 14.8),
("PA", 158.7, 44.6, 44.6, 44.6),
("PG", 202.2, 37.7, 37.7, 37.7),
("PY", 158.7, 44.6, 44.6, 44.6),
("PE", 158.7, 44.6, 44.6, 44.6),
("PH", 92.4, 17.3, 17.3, 17.3),
("PL", 175.9, 37.7, 37.7, 37.7),
("PT", 124.6, 38.8, 38.8, 38.8),
("PR", 181, 44.6, 44.6, 44.6),
("QA", 40, 10, 10, 10),
("RO", 203.7, 35.3, 35.3, 35.3),
("RU", 186.1, 39.6, 39.6, 39.6),
("RW", 132.1, 43.2, 43.2, 43.2),
("RE", 128.7, 40.5, 40.5, 40.5),
("WS", 202.2, 37.7, 37.7, 37.7),
("SM", 115.4, 24.3, 24.3, 24.3),
("SA", 25, 0, 1, 1),
("SN", 132.1, 43.2, 43.2, 43.2),
("RS", 581.4, 43.6, 43.6, 43.6),
("SC", 128.7, 40.5, 40.5, 40.5),
("SL", 132.1, 43.6, 43.6, 43.6),
("SG", 73.4, 17.8, 17.8, 17.8),
("SX", 216.9, 45.8, 45.8, 45.8),
("SK", 203.7, 34.9, 34.9, 34.9),
("SI", 581.4, 43.1, 43.1, 43.1),
("SB", 202.2, 37.7, 37.7, 37.7),
("SO", 236, 71.8, 71.8, 71.8),
("ZA", 135.2, 41.7, 41.7, 41.7),
("KR", 91, 16.1, 16.1, 16.1),
("ES", 83.1, 25.5, 25.5, 25.5),
("LK", 60.6, 11.8, 11.8, 11.8),
("KN", 177.9, 43.6, 43.6, 43.6),
("LC", 177.9, 43.6, 43.6, 43.6),
("MF", 216.9, 45.8, 45.8, 45.8),
("VC", 177.9, 43.6, 43.6, 43.6),
("SD", 128.7, 40.5, 40.5, 40.5),
("SR", 216.9, 41, 41, 41),
("SE", 132.3, 21.9, 21.9, 21.9),
("CH", 118.5, 21.9, 21.9, 21.9),
("SY", 56, 14, 14, 14),
("TW", 91, 16.1, 16.1, 16.1),
("TJ", 291.5, 60, 60, 60),
("TZ", 128.7, 40.5, 40.5, 40.5),
("TH", 92.4, 17.3, 17.3, 17.3),
("TG", 128.7, 40.5, 40.5, 40.5),
("TO", 202.2, 37.7, 37.7, 37.7),
("TT", 177.9, 43.6, 43.6, 43.6),
("TN", 128.7, 41, 41, 41),
("TM", 291.5, 60, 60, 60),
("TC", 177.9, 43.6, 43.6, 43.6),
("TV", 202.2, 37.7, 37.7, 37.7),
("TR", 54.2, 11.5, 11.5, 11.5),
("VI", 177.9, 43.6, 43.6, 43.6),
("UG", 128.7, 40.5, 40.5, 40.5),
("UA", 531.6, 35.3, 35.3, 35.3),
("AE", 35, 10, 10, 10),
("GB", 48.3, 8.7, 8.7, 8.7),
("US", 84, 17.6, 17.6, 17.6),
("UY", 158.7, 44.6, 44.6, 44.6),
("UZ", 291.5, 59.5, 59.5, 59.5),
("VU", 202.2, 37.7, 37.7, 37.7),
("VA", 115.4, 24.3, 24.3, 24.3),
("VE", 158.7, 44.6, 44.6, 44.6),
("VN", 114.4, 34.9, 34.9, 34.9),
("WF", 202.2, 37.7, 37.7, 37.7),
("YE", 47.1, 10.1, 10.1, 10.1),
("ZM", 132.1, 43.6, 43.6, 43.6),
("ZW", 132.1, 43.6, 43.6, 43.6);

INSERT INTO Shipping_Prices 
(
    country_code,
    province_code,
    first_half_kg,
    additional_half_kg,
    additional_half_kg_over_10,
    additional_half_kg_over_15
)
VALUES
("GB", "Northern Ireland", 121.8, 14.9, 14.9, 14.9),
("GB", "Scotland", 100.3, 16.1, 16.1, 16.1),
("GB", "Wales", 100.3, 16.1, 16.1, 16.1),
("ES", "CN", 213.8, 93.2, 93.2, 93.2),
("ES", "CE", 206.1, 25.5, 25.5, 25.5),
("ES", "ML", 206.1, 25.5, 25.5, 25.5),
("PT", "Madeira", 213.8, 93.2, 93.2, 93.2);